<?xml version="1.0" encoding="UTF-8"?>
<!DOCTYPE struts-config PUBLIC
          "-//Apache Software Foundation//DTD Struts Configuration 1.2//EN"
          "http://jakarta.apache.org/struts/dtds/struts-config_1_2.dtd">
  
  <struts-config>
  <form-beans>
  <form-bean type='com.yash.technology.model.User' name='userClass'></form-bean>
  
 </form-beans>
  
  <action-mappings>
  <action type='com.yash.technology.action.LoginAction' name='userClass' path='/login'>
  <forward name='success' path='/success.jsp'></forward>
  <forward name='error' path='/error.jsp'></forward>
  </action>
  
  <action name='userClass' path='/register' type='com.yash.technology.action.RegisterAction'>
  <forward name='success' path='/success.jsp'></forward>
  <forward name='error' path='/error.jsp'></forward>
  </action>
  
  
  
  </action-mappings>
  </struts-config>