<?xml version="1.0" encoding="UTF-8"?>
<!DOCTYPE struts-config PUBLIC
          "-//Apache Software Foundation//DTD Struts Configuration 1.2//EN"
          "http://jakarta.apache.org/struts/dtds/struts-config_1_2.dtd">
     
     <struts-config>
     <form-beans>
<!--      <form-bean type='com.yash.technology.model.User' name="RF"></form-bean>
     <form-bean type='com.yash.technology.model.UpdateOrDelete' name='DU'></form-bean>
     <form-bean type='com.yash.technology.model.Employee' name='E'></form-bean>
     <form-bean type='com.yash.technology.model.EmployeeWithDepartment' name='EWD'></form-bean>
     <form-bean type='com.yash.technology.model.MyDispatch' name='MD'></form-bean>
<form-bean type='com.yash.technology.model.MyEmployee' name='ME'></form-bean>
	<form-bean type='com.yash.technology.model.UserForm' name='UFile'></form-bean>
	 -->
     </form-beans>
     
     
     <global-exceptions>
 <!--     <exception key="" type='com.yash.technology.exception.EmailNotValidException'
     handler="com.yash.technology.handler.EmailNotValidExceptionHandler"
     path="/emailInvalid.jsp"></exception>  -->
     </global-exceptions>
     
     <action-mappings>
 <!--     <action type='com.yash.technology.action.UserAction' name='RF' path='/login'>
  		<forward name='success' path='/success.jsp'/>
  		<forward name='failure' path='/failure.jsp'/>
     </action>
     
     <action type='com.yash.technology.action.DeleteAction' name='DU' path='/delete'>
     	<forward name='success' path='/success.jsp'></forward>
     </action>
     
     <action type='com.yash.technology.action.DisplayByDepartment' path='/dd' name='EWD'>
     <forward name='success' path='/employeeWithDepartment.jsp'></forward>
     </action>
     
     <action type='com.yash.technology.action.UpdateAction' name='DU' path='/update'>
     <forward name='success' path='/employeeUpdate.jsp'></forward>
     </action>
     
     <action type='com.yash.technology.action.EditAction' name='E' path='/edit'>
     <forward name='success' path='/success.jsp'></forward>
     </action>
     
     <action type='com.yash.technology.action.EmployeeAdd' name='E' path='/add'>
     <forward name='success' path='/AddEmployee.jsp'></forward>
     </action>
     
      <action type='com.yash.technology.action.AddEmployee' name='E' path='/addEmployee'>
     <forward name='success' path='/success.jsp'></forward>
     </action>
     
     <action type='com.yash.technology.action.MyDispatch' name='MD' parameter='mcall' path='/act'>
     <forward name='success' path='/dispatchSuccess.jsp'></forward>
     </action>

     <action type='com.yash.technology.action.MyEmployeeAction' name='ME' path='/mef' validate='true' input='/empRegister.jsp'>
     <forward name='success' path='/empSuccess.jsp'></forward>
     </action>
     
      <action type='com.yash.technology.action.UserFormAction' name='UFile' path='/file-upload'>
  		<forward name='success' path='/uploadSuccess.jsp'/>
  		
     </action>   -->
     
     <action path="/tileact"   type="com.example.nikhil.action.TilesAction">
            <forward name="profile" path="profile" />
            <forward name="contact" path="contact" />
        </action>
     
     </action-mappings>
     
      <controller processorClass="org.apache.struts.tiles.TilesRequestProcessor" />
    <message-resources parameter="application"></message-resources>
    



   <plug-in className="org.apache.struts.tiles.TilesPlugin">
        <set-property property="definitions-config"
            value="/WEB-INF/tiles-defs.xml" />
        <set-property property="moduleAware" value="true" />
    </plug-in>


  <!-- ========================= Validator plugin ================================= -->

    <plug-in
        className="org.apache.struts.validator.ValidatorPlugIn">
        <set-property property="pathnames"
            value="/WEB-INF/validator-rules.xml,/WEB-INF/validation.xml" />
     </plug-in>
     <message-resources parameter="application"></message-resources>
     </struts-config>