<?xml version="1.0" encoding="UTF-8" ?>

 <!DOCTYPE tiles-definitions PUBLIC
       "-//Apache Software Foundation//DTD Tiles Configuration 1.1//EN"
       "http://jakarta.apache.org/struts/dtds/tiles-config_1_1.dtd">
<tiles-definitions>

<definition name="baselayout"   page="/tiles/layout.jsp">
        <put name="header"   value="/tiles/header.jsp" />
        <put name="footer"   value="/tiles/footer.jsp" />
        <put name="menu"   value="/tiles/menu.jsp" />
        <put name="body"   value="/tiles/body.jsp" />
    </definition>
    
    <definition name="profile"   extends="baselayout">
        <put name="body"   value="/tiles/profile.jsp" />
    </definition>
    <definition name="contact"   extends="baselayout">
        <put name="body"   value="/tiles/contact.jsp" />
    </definition>


    </tiles-definitions>