<?xml version="1.0" encoding="UTF-8"?>
   <!DOCTYPE struts PUBLIC
	"-//Apache Software Foundation//DTD Struts Configuration 2.0//EN"
	"http://struts.apache.org/dtds/struts-2.0.dtd">
<struts>

<include file="login.xml"></include>

<!-- We can also use wildcard here also by writing get* in place of getTutorial and writing
org.yash.tech.{1}Action
 -->
<package name="default" namespace="/tutorials" extends="struts-default">
<action name="getTutorial"  class="org.yash.tech.TutorialAction">
<result name="success">/success.jsp</result>
<result name="failure">/error.jsp</result>
</action>


</package>

<package name="search" namespace="/" extends="struts-default">
<action name="searchForm">
<result>/searchForm.jsp</result>
</action>

<!-- it means if i pass all the request name start with search are handled
if we pass request for searchForm.jsp then it send request to searchForm.jsp and if we pass
request for searchTutorial.jsp then request send to searchTutorial.jsp -->

<action name="search*">
<result>/search{1}.jsp</result>
</action>


</package>


</struts>
