<?xml version="1.0" encoding="UTF-8"?>
<!DOCTYPE struts-config PUBLIC
          "-//Apache Software Foundation//DTD Struts Configuration 1.2//EN"
          "http://jakarta.apache.org/struts/dtds/struts-config_1_2.dtd">
     
     <struts-config>
     <form-beans>
     <form-bean type='com.yash.technology.model.User' name="RF"></form-bean>
     <form-bean type='com.yash.technology.model.UpdateOrDelete' name='DU'></form-bean>
     <form-bean type='com.yash.technology.model.Employee' name='E'></form-bean>
     <form-bean type='com.yash.technology.model.EmployeeWithDepartment' name='EWD'></form-bean>
     </form-beans>
     <action-mappings>
     <action type='com.yash.technology.action.UserAction' name='RF' path='/login'>
  		<forward name='success' path='/success.jsp'/>
  		<forward name='failure' path='/failure.jsp'/>
     </action>
     
     <action type='com.yash.technology.action.DeleteAction' name='DU' path='/delete'>
     	<forward name='success' path='/success.jsp'></forward>
     </action>
     
     <action type='com.yash.technology.action.DisplayByDepartment' path='/dd' name='EWD'>
     <forward name='success' path='/employeeWithDepartment.jsp'></forward>
     </action>
     
     <action type='com.yash.technology.action.UpdateAction' name='DU' path='/update'>
     <forward name='success' path='/employeeUpdate.jsp'></forward>
     </action>
     
     <action type='com.yash.technology.action.EditAction' name='E' path='/edit'>
     <forward name='success' path='/success.jsp'></forward>
     </action>
     
     <action type='com.yash.technology.action.EmployeeAdd' name='E' path='/add'>
     <forward name='success' path='/AddEmployee.jsp'></forward>
     </action>
     
      <action type='com.yash.technology.action.AddEmployee' name='E' path='/addEmployee'>
     <forward name='success' path='/success.jsp'></forward>
     </action>
     
     </action-mappings>
     <message-resources parameter="application"></message-resources>
     </struts-config>